run,order,workload,before_mean_ns,before_95_low_ns,before_95_high_ns,after_mean_ns,after_95_low_ns,after_95_high_ns,change_percent
1,before/after,purescript_rewrite_captures/success_long_digits/compiler,4235.671613546084,4217.3247809794175,4254.639206110607,7310.258940314001,4579.574989703836,12467.02054504895,72.58795315800903
1,before/after,purescript_rewrite_captures/success_long_segments/compiler,6534.721828655767,6519.832661578943,6550.801667756355,8606.643861218297,7708.520324728274,9646.889090857512,31.706353948791378
1,before/after,purescript_rewrite_captures/success_short/compiler,244.02590869154784,242.61702775437,245.3775129264679,254.19584874993055,245.3994219951736,267.9578266582126,4.1675656953449325
1,before/after,purescript_rewrite_compile/compiler,9784.495163523387,9750.952375665125,9814.09280008463,12273.8535542762,10779.692250007209,14021.441853060354,25.44186847813208
1,before/after,purescript_rewrite_match/failed_letter_20/compiler,480.7016440953641,478.40766962714844,483.10359817499574,577.4862313276633,499.7984526251632,678.3949181902574,20.13402459116587
1,before/after,purescript_rewrite_match/success_long_digits/compiler,4255.149767020914,4243.535252642246,4267.650599894936,4221.627342362241,4208.159808426236,4233.5073597627825,-0.7878083379928236
1,before/after,purescript_rewrite_match/success_long_segments/compiler,6612.439645474088,6577.962269927812,6650.716740503181,9539.09678021608,7572.225295019114,11982.550830711321,44.25986915049054
1,before/after,purescript_rewrite_match/success_short/compiler,252.82425967058214,243.30465243189929,264.2370681472773,233.43722307514403,232.30019639940625,234.51241968191022,-7.668186834878298
1,before/after,decimal_compiler_match/v_exponent/success_long/compiler,67650.79244652015,56003.10232118375,83999.59517412186,50146.36453877053,49889.8734980909,50381.654416551,-25.8746827268688
1,before/after,decimal_compiler_match/v_exponent/success_long/plain,86180.32442705677,64908.25107777534,113685.69278127975,51981.7421674547,51765.049640378085,52218.74344492203,-39.682587048680496
1,before/after,decimal_compiler_match/v_float/success_long/compiler,54666.12175127237,52708.04545512539,57550.30334599976,71622.17362758462,55308.72397921873,93271.63616407811,31.017477247537872
1,before/after,decimal_compiler_match/v_float/success_long/plain,60630.72819384181,55462.106339019374,67373.3364367741,56872.28799217994,53883.92783882101,61399.50919326251,-6.198903284891788
1,before/after,scanner_documents/css_117_document_19_lines_rust,90470.2890271386,90295.28733899994,90633.11750151827,88561.2225680201,88370.79259303516,88783.04215482496,-2.1101584615760838
1,before/after,scanner_documents/rust_81_document_31_lines_rust,104522.05058964378,104123.38229817677,104937.47643288266,100062.48319175949,99733.08209792436,100460.5062232604,-4.266628307353704
1,before/after,scanner_documents/ts_279_document_28_lines_rust,992106.7553348468,988684.4283836556,995994.0811462285,984800.5861657227,978418.4800172533,991982.9176316219,-0.7364297370052841
2,after/before,purescript_rewrite_captures/success_long_digits/compiler,4121.876800635682,4117.033898817871,4127.160365548723,4147.340978652142,4138.312122292608,4157.842128495551,0.617781152812058
2,after/before,purescript_rewrite_captures/success_long_segments/compiler,6387.486596372978,6371.412255516185,6406.227628913862,6386.820301495946,6370.8670889483055,6406.955436565821,-0.010431252840670258
2,after/before,purescript_rewrite_captures/success_short/compiler,234.49873436066827,233.56837793085046,235.5031695354199,237.6235567060611,236.75335127295483,238.45682686125744,1.3325540344225173
2,after/before,purescript_rewrite_compile/compiler,9541.62677871754,9530.387884765043,9554.331332928703,9603.69301770908,9579.106516553626,9632.585600937462,0.6504785864186013
2,after/before,purescript_rewrite_match/failed_letter_20/compiler,467.729625434105,465.21168003211017,470.734233565802,459.1281799562934,457.47054781696414,461.11529792140544,-1.8389781211375023
2,after/before,purescript_rewrite_match/success_long_digits/compiler,4146.052981635375,4133.511296449587,4160.6245363883345,4119.8059105749735,4115.477645830378,4124.959419144254,-0.6330616414373047
2,after/before,purescript_rewrite_match/success_long_segments/compiler,6389.95948637428,6367.68290384459,6420.123058422481,6369.026818505795,6359.729463283472,6381.985983981112,-0.3275868636275492
2,after/before,purescript_rewrite_match/success_short/compiler,227.47243787163026,227.11127141672392,227.9161974679977,226.30577302582913,225.55954364766785,227.13757456373276,-0.5128818492109
2,after/before,decimal_compiler_match/v_exponent/success_long/compiler,53687.65819918941,52117.11856806741,55588.43330855669,49970.92169320805,49629.57204099652,50309.600701139134,-6.922888109948289
2,after/before,decimal_compiler_match/v_exponent/success_long/plain,51499.97879587529,51454.144253155,51551.51063291405,51762.58963008733,51578.95135007966,51928.781133684286,0.5099241598776505
2,after/before,decimal_compiler_match/v_float/success_long/compiler,52649.32635778191,52396.93936790308,52923.7758613967,48462.66099851489,48387.2038869266,48553.84436000558,-7.951982767673538
2,after/before,decimal_compiler_match/v_float/success_long/plain,54526.04985356647,54135.06306030125,54912.58383150037,50824.08348327704,50486.08933061784,51195.960130903564,-6.789353676327769
2,after/before,scanner_documents/css_117_document_19_lines_rust,91616.76575842223,91315.65609227987,91922.1708939957,90730.90834126422,90575.29427296887,90958.68952313073,-0.9669162732658165
2,after/before,scanner_documents/rust_81_document_31_lines_rust,101637.42395677966,101215.37763482574,102034.83801017857,103229.60140365144,102982.3061466136,103506.4538793779,1.5665267623752754
2,after/before,scanner_documents/ts_279_document_28_lines_rust,995294.4186733317,991670.9513554643,999371.0070270518,1003832.5208738728,1000880.6299858714,1007209.9175829977,0.8578468883530865
3,before/after,purescript_rewrite_captures/success_long_digits/compiler,4164.441655083704,4142.368027453045,4191.085228757201,4121.47628527712,4116.629275373008,4127.035712569884,-1.0317198166081787
3,before/after,purescript_rewrite_captures/success_long_segments/compiler,6394.076188911941,6373.009809251992,6419.85461373321,6363.582652915438,6353.109342046573,6376.889935680996,-0.4769029191329044
3,before/after,purescript_rewrite_captures/success_short/compiler,237.31854178170127,235.95075944647667,238.73625063196232,232.07369697932154,231.06986666539325,233.27828859862896,-2.210044256552124
3,before/after,purescript_rewrite_compile/compiler,9513.228200595124,9498.400594418814,9530.332522974717,9548.10942802023,9535.651428488629,9561.458522997906,0.3666602617913073
3,before/after,purescript_rewrite_match/failed_letter_20/compiler,467.99946502116734,466.7278616364711,469.29924856399447,456.3651184792934,455.56698425327954,457.31234331256394,-2.485974325066309
3,before/after,purescript_rewrite_match/success_long_digits/compiler,4136.371846538302,4130.595256747025,4142.211047684201,4226.258411007469,4211.87706588503,4240.41517181683,2.1730774650831286
3,before/after,purescript_rewrite_match/success_long_segments/compiler,6418.037504243374,6387.42260878031,6458.069949186342,6419.288619676265,6389.679101127089,6454.168146386296,0.01949373826599654
3,before/after,purescript_rewrite_match/success_short/compiler,229.23215790601253,228.63152985241743,229.87006449270118,230.9046145144197,228.94022013409864,233.0663038306959,0.7295907448957806
3,before/after,decimal_compiler_match/v_exponent/success_long/compiler,51120.478602832176,50809.997913077634,51470.25081102886,48714.493140214225,48651.10278107934,48780.96564833018,-4.706500268337965
3,before/after,decimal_compiler_match/v_exponent/success_long/plain,51916.18903432755,51829.50113924339,52018.41507576281,50997.88257439675,50782.673091779776,51276.61177625724,-1.768824863711782
3,before/after,decimal_compiler_match/v_float/success_long/compiler,50581.992155066015,50412.569107267955,50776.38816227243,48805.68956982053,48612.70899628712,49038.7049640469,-3.511729193662405
3,before/after,decimal_compiler_match/v_float/success_long/plain,52023.140484219024,51911.26224779108,52165.58262411062,50894.313811757325,50713.002477522,51092.75722467759,-2.1698549183206683
3,before/after,scanner_documents/css_117_document_19_lines_rust,88384.09899973839,88122.90842382889,88707.16208375525,89016.0177388944,88778.6640767973,89281.84618239834,0.7149688080860361
3,before/after,scanner_documents/rust_81_document_31_lines_rust,100647.03027320995,100251.28553394094,101095.93747849227,100221.78579955011,99995.30949382448,100477.48109228679,-0.422510701513501
3,before/after,scanner_documents/ts_279_document_28_lines_rust,968693.931274833,964188.1815054909,973773.0997548241,982436.7892256468,977802.7059062264,987351.60251628,1.4186997055641415
4,after/before,purescript_rewrite_captures/success_long_digits/compiler,4306.061405671317,4289.677689706299,4322.971191269903,4233.7351490123565,4217.641447984823,4251.1247093536185,-1.6796383015742045
4,after/before,purescript_rewrite_captures/success_long_segments/compiler,6539.312578960183,6516.046034004562,6569.674267820057,6618.430362396818,6598.71630910463,6637.8267922668265,1.2098792110227574
4,after/before,purescript_rewrite_captures/success_short/compiler,242.01894824690854,241.01915808654365,242.9435105683998,236.89821454590316,235.96682685111958,237.77278132537214,-2.1158399943880357
4,after/before,purescript_rewrite_compile/compiler,9824.880232414489,9786.089399954328,9864.71236378291,9990.831409494245,9925.22266971461,10061.278985236724,1.6890910947926496
4,after/before,purescript_rewrite_match/failed_letter_20/compiler,482.26272955883155,480.308543242411,484.2023848383355,472.5120868702559,470.85741623730985,473.97696682827154,-2.021852838907001
4,after/before,purescript_rewrite_match/success_long_digits/compiler,4239.568018939131,4222.154424331788,4260.866122832834,4227.952371912901,4215.551888317976,4241.966848871584,-0.2739818532062843
4,after/before,purescript_rewrite_match/success_long_segments/compiler,6519.829659917616,6498.194394623679,6539.039548523035,6552.5339488921845,6522.070182087248,6583.924500687344,0.501612629170789
4,after/before,purescript_rewrite_match/success_short/compiler,235.8139790985839,234.4721612797695,237.2772466058726,231.515397806823,230.68355395665054,232.24020420738591,-1.8228695805874384
4,after/before,decimal_compiler_match/v_exponent/success_long/compiler,51484.867322626655,51276.063315099665,51683.713287315884,49980.55225775023,49756.296836868256,50176.044669314804,-2.921858680240419
4,after/before,decimal_compiler_match/v_exponent/success_long/plain,53289.21249285956,53052.85675669491,53554.871384288934,51662.55373479693,51563.022545355234,51761.15269312009,-3.0525104087071875
4,after/before,decimal_compiler_match/v_float/success_long/compiler,51707.01971039371,51494.33393872141,51926.76192180341,49922.53699906088,49780.02837982667,50078.20050178888,-3.45114207186481
4,after/before,decimal_compiler_match/v_float/success_long/plain,53476.36521527911,53305.767413753616,53629.63426483695,52276.77812729698,52020.085923401224,52554.197265841474,-2.2432098426154568
4,after/before,scanner_documents/css_117_document_19_lines_rust,90715.207122763,90450.8158693631,91005.55157952936,90324.35588824238,90077.65713266733,90544.35907053118,-0.430855252297091
4,after/before,scanner_documents/rust_81_document_31_lines_rust,102739.61450445144,102481.55958072525,103014.5816935397,102891.88017821888,102611.56931013262,103113.03876900472,0.14820541667581733
4,after/before,scanner_documents/ts_279_document_28_lines_rust,987559.3989746659,985565.5054031007,989668.7473598806,1007218.8975995902,1005273.8160561953,1009387.2653362751,1.9907155605359828
